adidas 1,cost of adidas 1,adidas 2,cost of adidas 2,adidas 3,cost of adidas 3,Nike 1,cost of Nike 1,Nike 2,cost of Nike 2,Nike 3,cost of Nike 3
8.3080752,0.118582,71.868439,4.032662,41.8588628,10.259441,24.7264544,15.071291,2.508992,19.966871,60.7034562,22.545958
9.040232,1.276014,71.5519086,4.893586,40.684587,9.183102,23.5541254,14.188975,2.8032752,19.766006,59.838882,22.771789
8.405164,2.573752,72.2216056,5.20121,43.586272,10.972955,24.5725886,14.177388,3.0286628,20.104219,58.5127394,22.247714
9.247704,1.375703,71.2187808,4.120079,40.8836042,10.480112,24.572818,15.133472,3.1934196,20.347757,58.694852,22.659512
9.144098,-0.401791,71.2754628,5.032439,40.1452584,10.448089,23.401485,16.027929,3.466858,19.476062,59.0090214,23.302446
7.5791444,2.516067,71.6452104,5.544848,43.0358562,12.482435,25.9052748,14.851727,2.9517648,20.634357,59.9984352,22.666912
9.2338734,2.097313,72.3582414,4.946655,41.4823444,8.624057,23.9262752,16.621825,3.118835,19.95661,61.177274,22.64888
8.2977664,0.682235,72.8868592,4.360855,40.0094004,9.547419,24.901515,14.875132,3.0739176,20.090735,60.3481784,23.468323
8.303172,1.384924,72.4042994,4.538784,41.7284142,10.111804,25.0725672,16.980442,3.0879914,19.453882,59.2320224,22.37794
8.5942704,1.916078,71.7570848,4.793329,40.7660394,9.594373,24.6416478,17.1668,2.8557242,20.354084,60.5282184,22.841973
8.9176122,0.480523,71.7290796,5.372128,40.8083954,9.07559,24.523579,13.815102,3.1456236,18.996118,60.6146224,23.819951
8.310106,0.42723,72.1578616,5.293539,41.7781632,10.963308,24.5842784,15.195648,2.0308412,19.758719,58.7544032,23.561957
8.5130712,0.891236,71.9411084,5.142879,41.963337,9.851196,23.1504404,16.612896,3.2550492,20.241436,60.0503964,23.365244
9.5440328,1.314452,72.2355052,4.833656,42.5727804,10.318482,25.9866986,13.947277,3.0706864,19.990152,59.2946288,23.020588
8.9038986,1.106264,72.0265842,4.452103,40.2534728,8.549798,25.1305754,15.476558,2.8078292,19.965998,60.0283254,23.25905
8.1124526,0.908436,71.619185,5.22415,43.2031926,10.795856,25.7003624,15.571885,2.4116194,20.228367,60.2265208,22.428437
8.4302002,1.326014,72.338641,5.08508,41.6437608,10.613017,25.022234,15.126064,2.8935454,20.021703,61.3902958,23.428265
8.7971678,1.192584,71.6562106,5.859611,37.9819344,10.16583,24.032972,15.952202,2.6776414,20.245784,59.3642424,23.288759
8.3472732,0.603111,72.2722226,4.941281,44.2163924,9.861698,23.3457324,15.65081,2.264411,20.200317,60.0845976,23.410919
8.2537234,1.45505,72.1527674,5.194006,42.356647,9.457724,24.4160244,16.15688,3.0893948,19.492035,59.4031262,22.61957
9.2601116,1.460325,71.6477702,4.160869,42.7591478,9.472047,25.6988154,15.337667,2.770039,19.074086,60.122624,22.852302
8.4644686,1.377319,71.7213128,5.407018,40.1346564,10.308042,24.9511472,13.649267,3.1607284,20.562574,59.5662096,22.579623
9.0135338,0.505692,72.5866188,4.913795,37.921129,10.496763,23.508932,15.152088,3.3995678,19.804307,60.7967262,23.022724
8.6874316,1.146284,72.8039216,4.643203,40.6445326,9.571664,24.1882852,15.117746,3.0813252,20.323452,60.2497522,23.031932
8.8805226,2.178779,72.3637744,4.877106,39.72026,9.281756,25.0047492,15.712673,2.628401,20.420054,60.568584,22.465633
8.0365928,2.018602,72.8771376,5.615843,39.5703756,9.826288,24.922888,13.417664,2.4459128,19.318987,61.6899798,21.681054
8.2372668,1.105837,71.7354542,6.059328,41.6948794,10.089113,24.9568,13.992461,3.4105864,20.228363,60.5991644,24.174618
8.8410646,0.823305,72.0623344,4.752216,40.7291314,10.261843,23.233948,14.13357,3.0365596,20.113827,58.643017,23.715711
8.1339738,2.41823,72.2128672,4.548903,38.7502612,11.785989,24.2640528,15.147548,3.3648334,20.485526,59.407707,22.743431
8.2292012,2.068854,71.9674408,5.368897,40.2601454,8.98143,24.7173912,16.277161,2.8266576,19.629516,60.6093672,23.370098
8.2945966,2.032344,71.4290578,4.507256,40.2025478,8.971759,24.4515008,14.688376,2.8527106,19.920553,60.8776436,22.702965
9.416429,0.715231,71.5738788,5.049875,42.3175948,10.434638,24.6884804,14.724462,2.4706318,19.450044,59.578686,23.156814
8.8273886,2.096799,71.4244556,4.988363,40.9177456,10.960854,24.7057112,12.887802,2.8939124,20.707837,58.9801026,23.963086
8.4915084,0.70186,73.2809578,4.768589,40.827935,9.902496,23.5241586,14.779,2.629977,20.118835,59.8468504,22.919647
8.81765,0.877494,72.3609616,5.025556,41.8122536,10.629027,24.803963,15.403132,2.9012024,19.685171,59.7321976,22.943255
7.4209514,3.119077,71.5712988,4.759793,43.117705,8.510253,23.815304,15.771011,2.9104844,19.531533,59.8508008,22.312357
8.0806364,0.822052,72.2137566,5.232126,41.5517516,9.923017,24.1275558,14.870203,3.229036,20.3927,60.911201,22.99025
8.419608,1.960772,72.371023,5.165644,44.5602494,10.864729,25.0051806,17.04884,3.0952688,20.567577,59.2471278,22.668584
8.969732,1.14788,72.399156,4.991789,43.163063,10.573277,24.9301962,15.570268,3.2019976,19.425386,58.6973038,23.665182
7.1095046,0.54402,71.7467178,5.236231,40.9222938,10.432564,23.425626,15.315059,2.1692336,20.412644,59.6650274,22.769726
8.092285,1.935146,70.9872504,5.854362,39.6130452,10.830743,24.1449258,15.682418,2.8813186,20.168851,60.7078116,23.074132
8.4562008,1.016182,72.476618,5.14362,41.947013,10.25762,24.8546212,14.21324,2.5160444,19.212145,58.6089668,22.481943
8.9586152,1.155849,72.5119814,5.284297,44.3049504,11.091833,25.1446832,14.533766,3.1978906,19.931152,61.573133,23.405498
7.7112456,2.46536,71.6622824,4.956578,41.3447494,9.700715,24.0466748,14.499388,3.2507888,19.743753,58.9414348,22.976867
8.5301724,3.022876,73.328931,5.566826,41.8323218,10.417513,25.7816902,13.195187,2.806594,20.389188,60.1732714,22.471543
9.1018708,1.895744,72.2984222,5.425741,41.2310556,8.827686,25.070376,14.199504,3.2116106,20.354586,60.2947542,22.752874
9.1668984,1.543398,73.081825,5.233117,41.3943764,11.403575,24.5540414,15.043941,3.6488092,20.731418,59.8910596,22.746631
8.7422246,1.617468,72.2977826,5.747432,42.2720766,9.678317,24.5800174,15.520284,3.061171,19.979288,60.1125866,23.518125
8.0724592,1.370655,71.9954044,4.44379,43.1589594,10.523129,25.1235136,14.465492,3.5303464,19.213771,61.257813,22.6444
9.1294876,1.445487,71.5080698,4.444632,42.0695344,9.41442,24.7912462,13.454864,2.8653908,20.303878,60.3408984,23.387814
8.7776502,-0.169761,71.9946928,5.109346,39.771261,10.191166,24.999017,13.625653,2.575494,20.334731,59.8491166,23.055849
8.719515,2.595589,71.9806636,5.215967,41.6319382,9.536721,25.1809748,16.317576,2.8987504,19.608131,61.350898,22.847516
8.5413774,0.138271,72.2599392,4.613342,42.8186568,9.288506,24.1823426,15.052933,2.232398,20.581718,59.6496642,22.474263
9.2659618,0.879892,72.6012936,6.430936,41.543004,8.196354,25.3606624,14.587326,3.3030672,20.40249,61.2892602,23.181593
10.020509,0.739617,72.3583884,4.637229,42.188734,8.276794,24.4892096,15.91686,2.5692406,18.803792,58.9060042,22.938716
8.3511448,1.941635,71.740047,3.463078,41.0969584,10.06758,24.9547066,15.289598,3.2066254,19.741898,60.0136772,22.265947
8.2977164,0.986839,71.0255224,4.940976,42.5661518,9.085956,24.773483,16.099085,3.0848044,19.528073,60.2491596,22.654934
8.4654452,1.593275,71.2364962,4.855364,40.326103,9.52986,24.308695,14.429206,3.2231316,20.0031,61.4911622,22.559147
8.2781998,1.084518,70.8295154,5.43827,42.6323848,12.094125,23.1327922,15.255272,2.8512932,20.224436,59.9207144,22.483976
8.97148,2.911323,72.1210308,4.466287,41.023064,9.74655,25.5401484,13.664585,3.2882474,19.700477,58.9057074,23.467785
8.2719716,1.949576,72.1716726,4.427888,41.4534062,8.904876,23.4201768,14.897334,2.62847,20.772485,59.3293718,23.3672
9.1784098,1.258201,71.0461606,5.14347,40.4650876,8.70855,23.9502494,15.4972,2.8177514,19.886834,59.8406856,23.776492
8.8659656,2.611502,71.3730616,4.701961,42.8603302,8.870017,23.2942972,15.462023,2.1805874,19.590111,60.3587212,23.381546
7.7102664,0.778077,72.1985262,5.343646,40.6078866,10.250915,25.4422944,14.92418,2.4149554,19.801056,60.4782364,22.572428
8.1286102,2.119604,72.0162182,4.46242,40.9965002,10.478579,25.2468614,14.675445,2.888292,20.576596,60.268944,22.517288
8.9034864,0.940378,70.4765342,4.740736,40.913335,9.545742,23.986986,14.464745,2.7575278,19.4019,58.5842274,23.074408
8.9943514,1.17839,71.7723994,4.803357,41.668045,10.736149,24.4013622,14.172263,2.8223962,19.839072,60.0880622,23.617855
8.6190232,2.075136,71.957285,4.363833,42.1341102,9.775165,23.7389958,14.529471,3.3208528,19.288706,60.371431,23.361554
9.410907,1.024201,72.6185166,5.481839,43.0452936,10.650064,24.692441,14.787493,3.2328154,20.366839,60.6511464,22.254258
8.7777894,0.848259,72.4219342,4.521824,43.8503874,10.267958,23.4271842,15.395542,2.8876624,19.957336,59.9949566,22.227898
8.6471742,2.842335,72.432836,5.164661,41.0500498,10.652993,24.8281742,14.511095,2.748039,20.749367,59.0571234,23.27638
8.1856214,0.436595,71.5513954,4.637626,41.7339866,11.797886,24.4948898,15.294881,3.2170776,20.493945,60.3999228,22.685906
8.5843198,1.874052,71.2945714,5.485914,42.7149058,9.538905,25.5173482,15.803052,2.5364674,19.94664,59.1009862,22.967312
8.558458,0.278394,72.1339134,5.071962,44.3669884,11.903743,25.9561016,14.86439,3.5137018,20.491932,58.5036672,23.402425
8.475981,1.889859,72.127069,4.543599,41.966794,10.033362,24.1001958,16.370972,2.8214088,19.787882,59.0659912,22.985818
8.1735002,2.518229,71.9474268,5.909966,44.598706,8.752441,24.3516566,14.6217,2.9174542,20.530686,60.7355144,22.381628
8.6789238,1.163609,72.388716,4.380661,38.5353898,10.89273,24.6177504,14.144002,2.8741916,19.164597,60.0203996,22.241434
8.2664446,2.972864,72.1524888,5.760676,41.4879572,9.542794,24.4372482,15.683719,2.3403754,19.272709,59.5631656,22.168033
9.365992,0.204419,71.6266806,5.019321,38.5597998,9.423664,24.5650324,12.644769,2.8659112,19.279999,58.3618774,23.742228
8.0623324,0.967614,72.294931,5.106308,40.554757,10.650901,24.4967288,14.664836,2.7418332,19.579541,60.722081,22.647118
8.67601,3.172332,71.993676,4.223444,43.7362418,10.639517,23.2951844,15.389093,3.0020876,19.524892,58.5895522,22.659012
8.658495,0.676463,71.7384552,4.482708,39.875411,9.693203,24.7526974,14.889044,2.3503904,19.481762,59.825793,23.443605
9.5869796,2.752186,72.0879534,5.326741,40.5098336,9.054144,24.2404634,14.997902,3.4123816,20.314527,59.589213,23.255725
8.544116,1.946384,71.7180062,4.716157,40.5958298,12.913784,23.7044878,14.918482,3.23311,20.460347,59.339292,22.208792
7.937651,1.866098,72.166972,4.878956,42.5904964,8.512568,24.9716184,14.630564,2.2648374,20.423467,59.8506628,24.173588
8.3572214,1.799116,71.9196216,4.627937,44.2173508,10.699053,25.5862886,14.138184,2.6865668,19.536031,57.8459944,22.931394
7.7191758,1.43349,71.8696716,4.85869,42.7322114,10.017326,24.8354012,16.049878,3.0615244,20.132085,60.6406574,23.112576
8.7082362,1.247099,72.0090216,6.242776,41.7626876,9.219107,24.4598904,14.960514,2.905938,20.40022,59.0878316,23.326487
8.526736,2.495769,72.1470554,4.624849,39.081468,9.304672,25.082203,15.414883,3.7006008,19.904234,60.3752048,23.491227
8.6179144,1.630793,70.8684146,4.33109,40.00362,9.675549,24.488508,15.138852,3.3306162,20.249604,60.7555034,22.731121
8.7987334,1.419061,72.3037378,4.610114,42.6573768,9.368667,23.9252078,14.630476,2.5618442,19.525431,60.3373744,23.0707
9.625115,2.391121,72.691713,5.686325,41.613162,10.548702,23.7317236,14.105689,3.554582,20.340476,59.6946458,23.20002
8.8866148,1.603117,71.7242668,4.543982,42.870118,10.456399,25.803891,14.310848,3.0191376,20.416782,60.1895756,22.973444
9.2493688,1.237126,71.9463112,5.102077,42.2339878,9.836571,23.7332696,17.05399,2.554244,20.273815,62.1669666,23.846968
8.7588768,2.05402,71.9490608,4.808003,43.011254,11.492954,24.2457714,14.842675,2.43297,19.919571,60.6025396,22.459818
8.0408764,1.523575,71.1923404,5.343321,41.8424294,8.836893,23.6092158,15.697236,2.6411256,20.890914,60.8626246,22.765846
8.2560854,1.55422,71.577466,5.576802,40.3772126,9.275154,24.4369044,14.410387,2.7957716,20.445417,60.1231946,22.647479
9.5414788,1.185604,72.9020898,4.724872,41.4812824,10.215076,24.3348024,13.385382,3.42759,21.035415,59.3703368,22.057537
8.5215106,2.801132,71.622743,4.779157,41.3906902,10.46062,25.1115756,15.576328,2.8300248,19.904773,60.6716948,21.985307
8.4868328,1.592879,71.1025124,4.621834,41.481807,10.079286,24.5322698,16.320252,2.5909084,20.151301,59.2759356,23.135534
9.759591,-0.307647,71.0918126,5.098672,39.689467,8.025357,23.6528108,14.504406,2.8673884,19.775697,60.5065078,22.904089
8.220971,1.33731,71.3004832,5.220344,39.4373296,10.940719,24.7586138,15.630592,2.8642814,18.991361,58.9616178,23.054866
8.7133646,1.814314,72.330262,4.882163,41.7181628,10.964701,25.0425294,14.823187,2.4707924,20.162868,59.5393856,22.074896
8.5956934,1.446252,71.4561496,4.444345,39.787528,10.068691,24.886027,15.274394,3.1187414,20.055305,59.4971694,23.199756
9.322825,1.827849,71.3908128,4.298268,37.9969012,9.624936,24.6545792,16.438551,2.3325828,19.648377,59.1931688,22.57671
8.7113338,0.696347,72.1779898,5.844676,40.6480862,10.074218,24.6725314,15.150501,3.701652,19.982048,58.265822,22.366487
8.7122668,1.308322,72.7701,4.812661,42.9246674,10.042014,23.5868326,15.828962,2.8630536,18.978868,60.5821174,23.893503
8.0653094,2.717108,72.2174546,5.190371,43.2498016,10.873652,25.0495684,15.500763,2.8756314,20.245249,61.2715072,22.630567
8.0817148,1.305649,72.3550056,5.079233,40.7156402,10.13496,25.1255792,16.235683,2.8218894,20.150192,60.1713082,22.828624
8.852631,1.814781,72.0561476,5.571019,40.1164296,11.749167,24.6637972,12.636981,2.4547702,20.409774,60.4506154,22.848995
8.6413072,2.07507,72.454956,4.754345,41.4370004,9.524409,24.7579092,15.551033,3.1885966,20.321745,60.6428532,22.687175
7.9856048,0.631601,71.31919,4.689012,43.0549292,10.602435,24.3256272,15.781819,3.2027714,19.818237,59.7804022,22.911331
8.1386538,1.330987,72.5654152,4.307622,41.3451362,10.020138,26.1980572,16.862465,2.973916,20.078637,61.161599,22.362739
8.0213756,1.691418,71.5651992,4.674716,42.5891148,11.375997,24.436294,15.355126,2.8495552,19.539036,59.9660668,22.318171
8.2811238,1.821691,71.3930854,5.713227,41.7809798,10.006374,24.8353382,15.22416,2.9545116,21.300925,60.6106996,23.345469
8.7362876,0.797741,72.6965468,5.56112,43.2643438,10.379369,25.052694,15.581921,3.4119956,20.214666,60.2521928,23.521021
8.8832856,-0.190072,72.3074758,3.687115,40.2773912,9.681531,24.0125596,14.484858,3.3598206,19.617184,61.2566528,23.075462
8.8168158,3.456188,71.966034,5.324434,42.8782022,11.446749,24.9108168,13.492411,2.9620942,19.495366,59.7564548,22.679501
8.9431054,0.963389,71.7582364,5.789682,41.453463,7.464224,24.1461384,17.671741,2.9105478,18.825828,60.505021,23.377277
8.9745194,1.879024,71.060972,5.29461,41.308778,9.998774,24.1718096,13.819721,3.1520122,19.467299,59.9362204,21.913702
9.8336516,0.786987,71.726606,5.604312,41.7616734,10.463595,25.2023288,13.699671,3.0589058,20.485731,59.7337546,22.325153
8.0556904,2.273288,71.4392266,5.063098,42.869236,8.837837,25.1522476,15.33378,3.3157296,20.228061,59.9464748,22.534201
8.3638598,2.827755,71.9375826,5.206644,43.0219416,11.253507,23.765678,14.010138,2.9249156,20.452865,62.3209144,23.208688
9.0552284,1.365475,72.6198806,6.16221,41.1605482,10.086268,23.9269766,14.466728,2.4874524,19.736855,60.7264376,23.477714
8.1884078,2.607508,71.8057064,5.334757,40.1158946,11.259961,24.996309,14.343958,2.8772062,21.698296,61.0820092,24.109525
8.3851628,2.334237,71.7226242,5.562055,39.1278356,10.034421,24.7702796,15.148553,2.2716374,21.43677,61.2276842,22.774433
8.7474782,2.309552,72.4942024,3.995123,39.3591266,11.992861,24.315956,13.087685,2.6423646,19.565063,59.8713944,22.070776
7.9683368,1.681784,71.9926264,4.775276,40.6932094,8.688322,25.4140816,15.26992,3.079276,19.851397,62.617021,22.543296
8.351783,1.551816,71.7934544,4.656588,41.809326,8.630375,25.1547746,14.245665,3.005686,19.889185,60.3029286,23.428887
9.6110592,0.498208,71.8974918,5.025501,39.6655964,9.824365,25.60106,15.808907,3.0541798,19.937818,58.0664864,23.614325
8.8205378,1.576181,72.0806944,5.058731,42.6180482,8.378941,24.0028274,13.713025,2.794276,19.16229,60.004191,23.104675
8.9763412,0.412968,71.0371248,5.529248,41.3988392,9.14006,24.6398554,14.749888,2.52699,20.295508,60.9240988,23.072682
8.3222944,1.779937,72.1772868,5.297118,43.188163,9.805041,25.382272,15.323299,2.8146296,20.328191,60.3488038,22.174501
8.1423944,1.06656,73.115413,5.418325,41.8819822,10.480126,23.9599782,13.518849,2.5281822,19.146182,60.6266012,23.365072
8.1840572,1.179146,71.5092564,4.865101,42.4203906,10.117707,23.3868122,16.587844,2.9473406,20.291908,60.0209334,21.93797
8.635245,1.632902,72.2676176,5.552016,41.2929102,10.592446,24.3899202,13.685105,3.582557,20.048562,56.974066,23.033031
8.70301,1.730975,72.9415682,5.332825,42.3706888,10.412802,24.367673,15.40107,2.9882518,20.565284,59.546825,23.413724
8.1900264,0.604939,72.2235744,5.267934,41.0499848,9.272331,23.7143496,15.69012,3.3038006,19.668513,61.1615518,23.278146
8.5248718,1.534143,72.7093244,4.600648,40.851317,10.042322,24.403128,16.295019,2.8582468,19.820443,59.3014992,22.882642
9.1105644,1.516286,71.8347036,4.061024,42.8090396,9.880383,24.48973,15.501132,3.3425704,20.130894,60.6115214,23.289277
9.0392052,2.296987,71.7344166,6.003312,41.7172608,9.230262,25.2879872,15.762585,3.3075448,20.117012,59.7153896,23.524385
8.7044426,0.791022,71.2584858,4.602867,42.5996824,10.194731,24.9354648,15.993289,2.84492,20.441072,60.8322898,23.211988
9.2699362,2.221046,73.0059864,6.206256,41.2568452,11.226482,24.5983194,14.782393,2.8436902,19.598471,59.8627046,23.147766
8.1601766,1.184264,73.0019476,4.668076,42.0655712,10.499894,24.2493744,16.493239,3.0228088,20.600326,59.3294754,23.505982
8.697993,2.483006,71.763386,5.226628,42.6492734,10.924985,24.2779788,15.745624,3.1926888,20.838486,59.2393316,23.261283
8.13958,0.355623,72.7665334,4.880551,41.5582684,9.8478,26.2850912,15.020144,3.333172,19.419346,60.4796536,23.515024
8.1361398,2.920856,72.4019112,4.401409,42.3908864,9.462632,25.2930754,15.113102,3.0913096,20.105863,59.0828164,22.542692
8.5075392,1.826764,72.1020246,4.398332,41.8928056,8.863588,24.0038836,13.667011,2.7091842,19.35746,60.730854,23.370284
8.4713898,1.262845,71.3971414,4.782782,40.6541528,9.363361,24.042459,14.777339,3.5558362,19.29937,61.201542,23.788411
8.8600062,1.566608,71.7089722,5.199682,42.0604818,10.060713,23.0617816,13.951257,2.8024042,19.280289,60.4255174,22.58008
8.7039664,1.623079,71.3219304,5.313227,41.0905856,11.484651,25.9594466,15.54738,2.6188562,20.011499,60.3967458,23.473902
8.1240036,2.430312,73.060835,5.275022,42.0989598,10.120148,24.5964636,15.923324,2.2945386,20.048491,59.801093,23.587663
8.0576574,1.885537,71.9334302,4.649955,42.378458,10.166936,23.6018004,14.96718,3.1479436,19.756191,60.1828244,23.567278
8.5629528,2.401137,72.0337856,4.829796,43.2826092,8.53558,25.2565678,14.354687,2.705784,20.263478,59.7592228,23.479269
8.0891312,2.124363,71.0909,5.057923,41.845209,9.766665,24.6125134,15.985936,2.9436036,20.373932,59.7815608,22.784512
8.5295536,1.529417,72.5389456,5.453797,41.8398924,10.105052,24.0633192,16.309284,2.7715062,19.68524,58.8936068,22.557522
7.7962622,-0.003587,71.7689028,5.768343,41.4772594,10.522133,24.3236232,14.930951,3.4286492,19.611436,59.1332538,23.11159
8.5650626,2.585675,72.0655218,5.655342,42.3264382,9.818895,23.8552658,14.480107,2.752514,20.66192,59.0295308,23.371593
8.3735944,1.709601,71.7616846,5.139105,41.9427902,9.158478,24.7738364,17.273815,2.9597928,19.777885,59.0805298,22.836219
8.3371842,1.344705,72.3235086,5.539359,42.147528,10.473074,24.9355482,14.767686,3.0201668,20.809586,59.3302918,22.536539
7.6148376,1.533969,72.6382046,4.709409,41.7410108,8.246031,24.9459422,16.44016,3.257484,19.43378,61.714414,22.255851
8.6377438,2.801417,71.913777,4.848781,41.0690732,9.86949,23.6329216,13.136347,2.2329504,19.529441,61.411583,23.227556
8.4331042,1.873668,71.8977864,4.759511,42.157074,10.122876,24.584511,16.957706,2.4084822,19.844239,57.968729,23.193998
7.995398,0.246824,72.8834758,4.677558,42.1376064,9.645886,23.946808,14.417935,2.474784,20.033129,59.8371642,22.982464
8.2145802,2.498945,72.1763116,4.747046,41.6183272,11.452776,23.99767,15.812216,2.648559,19.586847,60.7180916,23.021967
7.3640242,2.683394,71.9599242,4.989207,41.5752672,9.687452,25.2497962,15.571092,2.7637622,19.612841,58.7906894,22.446732
8.67246,1.398354,71.9773516,5.147633,42.339161,8.992714,24.2972414,14.722557,3.138796,19.745022,61.2156798,23.994301
9.4199328,1.835457,71.8904512,5.017373,39.2024214,10.412051,24.3992,15.200022,2.9842224,19.556001,59.315499,22.453008
8.296873,0.923149,72.4749586,5.193614,39.8332406,9.508893,23.7217928,14.680762,2.6890316,20.004679,61.4593846,23.388512
9.3825484,2.589394,72.1495796,5.46618,40.6804818,9.918777,24.903465,13.491278,2.7847534,19.83102,60.5901296,22.780386
8.9261244,1.251635,72.5223604,4.36855,39.0797406,9.148854,24.8222724,14.51411,3.0174782,19.935008,59.649077,23.900351
7.3624156,1.281072,71.3582718,5.617509,41.8561276,10.114898,25.546361,14.842701,2.8782294,20.682312,58.398277,22.825966
8.5121038,1.951603,72.0786788,4.85444,40.960236,9.370019,24.6023574,12.286185,2.7165732,20.11641,60.4720808,24.18053
8.6911712,2.296596,71.6456978,5.02607,42.1439362,9.739758,24.1609988,14.215717,3.5055206,19.554633,60.3195132,23.217901
8.4554716,1.841815,71.2932596,4.182924,41.2561254,9.120598,24.070438,16.266426,3.4691164,19.826529,61.9103032,22.93968
8.902436,2.164195,71.7660764,4.685956,40.0350014,9.915219,24.2353364,15.468303,3.189686,20.085813,60.8048524,23.781241
8.0902436,1.512385,72.092832,5.224022,42.1815746,9.878201,25.3894888,17.16839,3.7747872,18.983311,60.6867072,23.495534
8.187869,2.216855,71.7902738,4.73607,43.2351874,9.629255,25.3062898,13.487143,3.3384536,20.908115,59.8215188,22.580683
9.2187288,2.125031,72.8954488,4.498398,41.305323,10.79684,24.874789,15.992833,2.5086722,19.363975,59.3591766,23.973806
9.1272638,0.809699,72.5170588,5.243669,39.0248776,9.406733,25.4209746,15.997385,3.01498,20.642502,59.3857722,23.346531
7.0341798,2.381448,71.534599,5.67612,42.056218,11.224043,23.6783406,16.667185,3.2964492,20.491047,60.9105926,22.982008
9.0119354,1.132064,71.2641134,3.765347,40.9049684,10.055583,24.05142,15.435214,3.1564774,19.690356,60.6708458,22.746408
8.2500794,2.791419,71.9216952,5.160796,38.595221,10.625745,24.4111712,14.394649,3.1178546,20.187552,59.3054682,22.829082
8.7315324,0.237579,71.9751882,4.714397,41.6386072,10.935018,23.3139258,14.148936,3.2326636,20.406659,60.089825,22.386846
9.0020728,1.724266,71.1665336,5.032048,41.6468612,10.937349,25.4441556,15.624416,3.110823,21.145102,60.0757534,22.782492
8.4719946,3.073841,72.5285066,5.394485,39.8961902,9.783979,24.4196956,15.341602,2.8694238,19.89388,60.1591416,22.991394
9.20122,1.48325,71.8917886,5.473496,40.5620226,10.959956,23.8929386,15.852098,3.1669858,20.008898,60.4254266,22.776967
9.184175,2.271657,71.4218974,4.731565,43.20629,11.465918,24.4189724,15.477335,2.7620524,19.979847,59.2841402,22.728452
8.65688,0.885662,71.7222958,5.504053,39.4374808,9.707519,25.3364474,15.677544,3.7888302,19.442054,61.4064276,23.023798
9.327027,0.939076,71.2507374,5.016813,43.1534208,9.222034,24.5662624,13.961805,2.49151,20.223643,59.9308664,23.597996
8.9117424,1.632738,71.2770618,4.469143,41.8145606,10.989741,23.7334646,15.572463,3.2981906,19.500552,58.9868216,23.557796
7.9479024,1.004333,71.406961,5.110673,42.8699396,8.984602,24.5228854,15.852547,3.4312166,20.1285,59.6678746,22.412174
8.5088192,2.848559,72.2276246,5.350232,38.6408902,8.461263,24.9390922,13.521996,2.3880974,19.38628,60.2187598,22.889049
8.9909084,1.723936,72.099645,4.802596,43.584006,8.090464,25.2065336,14.816535,3.0569888,20.116191,58.860677,23.135859
8.6099888,2.64221,71.5173906,5.617794,43.414341,9.902814,24.0771942,15.505074,3.0172928,19.763524,60.4819366,22.945398
7.6558864,2.096109,71.7752168,4.871247,41.8459282,10.176524,23.8218398,14.736746,2.6482286,19.389513,60.1179608,23.406225
7.973967,2.622778,71.6518518,5.293715,41.7935364,9.831404,24.03582,15.005859,2.96955,20.444875,61.7064318,22.44813
9.1930338,0.600419,71.9789904,5.185828,39.6359326,9.269993,24.63471,15.243971,3.5319728,20.502738,60.0047246,23.21471
8.9258888,0.780869,72.3252032,5.037711,41.2721432,10.426324,22.6472764,12.862014,2.8147882,19.600127,58.3056474,22.490366
9.1643388,1.370566,71.9522252,4.99796,38.7711154,8.386063,24.67361,14.782465,3.4614448,19.481317,59.2195834,23.14619
9.248697,1.202503,72.3352006,5.831638,40.7691516,9.641161,25.1740318,15.793325,2.9128692,19.94948,61.7075682,23.689058
8.4431372,0.775593,71.6691866,4.943393,42.2157882,11.043687,24.4339376,16.01396,3.205722,19.140467,57.4367858,22.808493
8.5972308,1.05104,72.2603414,5.155598,42.7991056,9.067893,25.1069552,14.623976,3.1770856,19.847262,57.6623016,22.610143
9.1095832,1.109617,72.9307864,5.096761,42.3117724,9.62578,24.6033304,16.07272,3.0578732,19.711261,59.245747,22.309682
8.8661148,1.239837,72.0725916,5.167928,38.1486308,12.008467,24.2881194,15.480553,3.0472824,20.942421,59.7158276,22.947083
7.6957156,0.736574,73.3210288,4.695714,42.7545478,9.499469,24.2399174,14.812739,2.7296788,19.50586,57.9368996,22.573352
8.4102036,1.295572,71.1007664,3.573467,41.725117,10.106783,24.0620336,17.031199,3.0771196,19.916453,60.5502154,22.836991
7.8569386,2.552154,71.62096,5.083627,39.9041798,10.551584,24.0427354,15.494403,3.0255128,20.46778,61.0281684,24.010524
9.390149,1.275905,72.2985402,4.664215,40.9370006,8.936621,24.2693754,14.656751,3.1651558,20.185863,59.2945876,22.175783
8.927643,1.801869,71.2861406,4.273101,43.5505262,10.286295,24.6224016,15.452918,2.740153,19.706533,60.1972356,23.016062
8.4894186,0.124444,72.1855946,3.916947,40.3601648,9.303748,25.7654178,14.783253,2.8847356,20.717829,58.9481754,23.276636
9.181277,0.610436,72.4791646,3.944663,40.0727872,9.797795,23.8715172,14.447749,2.4859248,19.844474,59.5704546,23.508802
8.4226472,2.523859,71.641888,5.77368,42.5252632,9.876042,23.758357,15.139007,2.6914496,20.033984,59.5939312,22.693246
8.7763618,0.717638,73.2733232,5.625402,43.2694952,11.39912,25.3361224,13.944797,2.9779558,20.542164,59.8010644,22.282044
8.146467,3.134708,71.592937,4.901167,41.1226404,10.446317,24.2150508,15.465693,3.3793816,20.007805,59.8322316,22.737656
7.7287652,1.765101,72.150373,4.050868,41.8933756,11.728726,24.5477048,15.53712,2.671938,20.060535,59.0671382,22.191391
8.2600878,0.418338,71.720216,5.603293,42.267123,10.127134,23.2006942,14.822393,2.432294,19.627073,59.6081304,22.555249
9.1669618,1.726331,72.6360978,4.847725,41.6107626,9.998553,24.4382098,13.312462,2.89172,20.541232,59.8799314,22.876882
8.596168,0.768158,71.66685,3.721745,40.6359218,9.572047,23.7228402,14.12169,2.9424874,19.713885,59.5036232,22.714892
9.1274614,2.667798,71.6803926,6.270977,39.8191796,10.084835,25.189667,14.76355,2.942798,20.592882,60.5443068,22.655747
8.1856056,0.681302,72.0395804,4.059909,40.0803172,9.853689,25.5745014,14.903828,3.537359,20.454604,59.3634898,24.328837
9.3656178,2.202454,72.0955996,4.048628,39.9680678,10.978883,23.8771696,15.702858,3.546887,20.076922,60.048111,22.696215
8.924998,0.896409,71.2249378,5.848005,40.5571184,9.432667,24.4957046,14.762796,2.6610626,20.35273,58.3252462,23.212639
8.1230124,1.73174,72.0453572,5.267769,39.894421,10.345484,25.1644912,13.107454,3.1244672,20.606259,60.315597,22.937624
8.2382794,2.718232,71.3399982,5.335557,41.6903666,8.751795,23.3677626,15.494272,2.8960788,20.420094,60.1985164,22.667724
9.414647,2.345602,71.7028676,4.47762,40.3199468,9.591271,24.3510798,16.240326,2.996908,19.319314,60.2109844,22.544584
8.0872482,0.876988,70.948718,4.236931,40.3965236,9.286059,25.227924,15.597565,2.868581,19.084409,59.9184524,22.477576
8.4677456,1.160781,71.9104522,5.648981,39.0309034,9.970534,25.1252456,14.196795,3.2358796,20.237088,58.0892752,22.806568
8.975042,0.157226,71.1882742,5.316228,43.0747648,10.437986,23.9573022,16.367374,2.8957454,19.904583,59.8303478,22.996487
7.7202,2.084829,71.4158144,5.372228,43.4709336,9.726548,25.753356,15.203223,2.2941566,19.940125,60.8192516,22.754092
8.2122682,1.01179,72.6917134,5.432997,40.7683398,9.455027,24.789547,15.315424,3.0046314,19.464316,59.8510614,23.153603
8.5809702,0.400833,70.2329812,4.380974,38.8803338,11.176955,23.7687594,13.413586,2.4797404,20.111447,59.057679,22.922044
8.5105596,0.625738,72.1056446,5.004265,42.4915926,11.525095,23.9235886,14.998394,3.1338072,20.902817,59.136731,23.089737
8.7683018,2.091998,73.26361,5.183208,41.0811504,10.572153,24.5172674,14.380634,2.6577898,19.995775,59.979893,23.224776
9.0285588,1.214318,72.8987094,4.930371,40.23155,11.208207,24.2982146,15.634934,2.5209614,19.551132,61.193061,22.459787
9.1182396,1.570268,72.377759,5.418305,41.2434406,10.849108,24.3787722,15.244158,2.9070888,20.532947,59.9057542,23.409492
8.2575398,1.070426,71.5327644,5.128918,40.4468204,8.7154,24.4032446,14.027467,3.303251,19.782064,60.6512144,23.246471
9.1732264,1.124391,71.7462954,5.532157,40.8977632,10.220971,24.7879458,15.525702,2.7918446,20.663,58.0082452,23.449089
8.9331582,1.506269,72.027933,4.288596,40.0677156,11.059796,24.6817076,13.718072,3.0825276,20.564807,59.4460402,23.020317
8.3730762,1.935958,72.7985818,5.22158,38.528965,11.293668,25.0724096,15.541494,3.2908658,20.115216,58.9135066,23.328297
9.0918136,3.389391,71.7314228,4.662406,41.3519194,10.0157,24.9612368,14.81427,2.917446,20.043694,60.0737676,22.506855
10.1420094,0.957557,71.6212826,4.836001,38.6250702,12.230619,23.8545794,14.382924,3.0884382,19.866529,60.3103764,22.725626
8.5916866,2.41675,72.64206,5.386187,39.2883812,10.787626,25.1160818,14.954479,3.0477318,19.604293,60.6770992,22.854845
8.0316308,1.305983,71.4771712,5.280813,41.9238486,11.355745,24.8965392,14.824307,3.2165902,19.787727,59.7136108,22.874775
8.1593628,0.872117,71.4696802,4.877646,39.5856948,9.299686,24.3427044,15.393925,3.8245362,20.375329,60.2104916,23.705032
8.1884994,0.759116,72.0889782,5.332061,40.4356314,9.394621,25.2553962,16.360499,2.7315394,19.447866,58.6035054,23.448709
8.7531182,1.292435,72.308462,4.707438,41.9858588,11.610483,25.789255,13.74737,2.9644818,20.147003,59.9741378,22.446907
8.7318406,0.919803,72.6071982,4.864067,41.3131694,10.542988,25.0518228,15.724709,2.8192584,19.296247,59.0198038,22.716449
9.4980314,1.35137,70.5379188,4.875053,41.8882334,11.397634,25.3767126,14.269958,3.0271892,19.87834,58.7876904,23.150814
8.852756,1.268814,72.6534812,3.789419,41.3954504,10.981468,26.2830066,16.107082,3.2623088,19.620144,60.2996726,22.974214
8.4040152,1.681947,71.3984482,5.684041,41.1339096,10.522179,24.6163172,16.070066,2.5655796,20.162406,60.9630358,22.314479
8.4997362,1.055667,71.7928428,4.77195,41.6589678,10.48523,23.7282426,16.098156,2.593176,20.944023,59.7912276,23.589295
8.5632094,2.055511,71.7009556,4.62952,40.5064808,8.328401,24.8085174,15.067355,2.8290106,20.743718,59.3484232,23.021172
8.364656,2.251558,71.4177412,4.924876,42.9752224,8.659424,25.0663008,15.028015,2.4986608,20.473865,61.205502,23.60361
8.9328248,1.546178,72.5880414,5.143097,44.1205852,9.206184,25.1406516,14.899418,2.7367244,20.329275,61.6645096,23.226072
9.9150058,2.408244,72.3209522,5.422996,41.034026,8.878995,23.268274,16.227091,2.585334,20.64703,60.9815296,23.931995
8.6737864,0.820775,72.2405108,4.408932,37.4459776,10.631431,23.848506,15.303212,3.1449144,19.853105,59.1768188,23.16031
9.3000466,1.610748,71.2970796,4.03816,40.7108634,9.197148,24.478134,15.946787,2.8127896,20.363911,59.7009272,23.252565
9.033517,2.608766,72.0301736,4.552425,41.171191,9.399885,24.6528206,16.437741,3.0727634,20.186199,59.7704936,22.600842
8.6696732,1.823292,72.0263508,4.463157,45.2374796,11.093767,24.6212798,15.130549,3.9545312,20.451683,59.462249,21.821877
8.5282138,1.627805,72.275254,4.580601,43.0870822,12.407708,23.8739808,12.234258,3.1897796,19.721694,60.0215658,24.088417
8.5659302,1.520992,72.3338372,5.24474,41.778328,9.464862,23.8487098,14.296964,2.9657096,19.657077,58.1009022,23.073531
9.1608452,1.858921,71.9345266,5.284867,40.3442032,8.149444,24.7287072,15.652909,3.1138086,19.938634,60.4315516,23.429658
8.9464412,0.744038,71.4373142,5.646806,40.4179712,11.108763,24.529834,15.63172,2.924271,20.6481,60.9525574,23.113547
9.426965,1.28694,71.8738024,3.849721,41.827411,11.074404,24.548539,14.240307,3.109454,19.903468,59.5243286,22.485781
8.0279162,0.967843,71.945608,4.504095,40.416552,8.858984,25.1358526,13.959128,3.34646,20.58528,59.520904,23.966817
9.4811702,1.697659,71.1629132,4.895507,39.618995,10.205566,25.0335518,14.901107,2.7838096,19.923194,59.0430826,22.115743
7.6836708,1.298461,72.6964884,5.194565,39.8948494,10.096902,24.3863168,14.911874,2.6701194,20.437386,58.5787144,23.281122
8.6844596,1.326038,72.0656084,5.843843,41.4136688,11.182125,25.4696094,13.805947,2.4388842,20.320948,59.7365038,22.371786
8.9775008,0.372087,72.312144,5.160129,44.4556168,10.188215,24.6947364,14.923132,3.5982644,20.626751,60.5889504,22.61808
8.9735046,1.486466,72.343198,4.837992,39.5098768,11.184563,24.3875414,16.507515,2.634484,19.766634,59.7243904,23.105883
9.173617,1.483627,72.6478852,5.445732,41.4715936,10.976301,24.3792926,17.601227,3.1899216,19.521447,59.5639116,22.915929
8.4248824,1.88933,71.5805488,5.486039,40.9418816,10.593547,23.9251412,13.682178,3.065137,21.500593,58.7024244,22.187429
7.909582,0.115162,71.6632276,4.424923,42.5076268,9.460104,24.3225098,15.517449,2.699278,21.41657,60.1391582,23.14299
9.2131272,1.112389,72.341497,4.979272,41.8006558,9.752342,24.7100786,16.13996,2.9708636,19.66992,60.4998974,22.500796
8.8191646,2.473223,72.951498,5.355665,43.2628066,11.331514,25.5374004,14.50398,2.7416914,20.443689,59.1801532,22.99678
8.3969862,1.909338,71.7981778,4.298755,42.7262744,10.359163,24.5735616,14.899005,2.8207298,19.024706,58.9695264,22.657311
7.5589804,1.951355,72.8538478,4.286763,40.085515,8.572263,25.2538168,16.797015,2.6129076,19.952118,59.742104,22.555096
9.4006812,1.996946,71.9136418,3.962152,41.164709,9.137124,25.709702,14.926835,2.6095346,19.935347,58.9998312,23.302204
9.1453462,1.475449,71.3632976,5.853774,41.6318142,11.660168,24.7201614,14.905637,2.9528804,19.956854,59.0237024,22.982802
8.0195578,1.548501,71.0840214,5.567632,42.8415544,9.252869,25.7762662,16.645526,2.804391,19.348829,61.0053378,22.071938
7.394732,1.825662,71.943173,4.914486,42.700573,10.735741,25.0870664,15.096799,2.8149118,20.323842,61.3718108,22.978032
8.5664508,0.557807,73.2437592,6.291098,44.0254338,10.207074,24.3006146,12.619452,3.0718582,20.254688,61.2170512,23.572532
8.4991966,1.121047,71.3533488,4.607695,43.3561596,10.111705,24.7079972,15.271038,3.4113768,18.948201,59.5168982,24.142952
7.4315232,2.092268,72.0580172,5.065678,40.9038678,12.348338,23.1420436,13.715198,3.8448256,19.577697,58.7808106,22.995415
8.6376018,1.427279,72.4301998,5.403081,41.1786372,10.387481,24.99969,13.830937,3.2566408,20.318906,58.8114186,22.097598
8.3203534,1.491138,72.1057404,5.334159,38.7853134,9.026245,23.879982,15.421821,2.9891298,19.072351,59.8612074,22.516714
8.828962,0.369471,70.8527286,4.85131,42.071147,10.206833,24.945651,14.973508,3.4653766,19.450229,60.7826686,22.783211
9.2439818,1.204192,71.6106014,5.750867,39.6210358,8.539837,24.8052696,14.984716,2.5689508,19.757259,58.5518254,22.555921
8.1016188,1.902497,70.7784732,5.277831,40.1379118,8.837004,25.0327274,14.639949,3.1562294,19.664469,60.2832496,21.920738
8.6510118,1.491688,72.1486568,4.969031,41.965183,8.652655,25.0072024,14.337968,3.2482698,21.034022,58.9219924,22.223408
8.4739674,1.248177,72.5107918,4.338567,41.2625362,10.415368,24.4623544,13.770912,2.8397594,19.635257,59.0760372,23.117982
8.1867876,1.10199,71.8095388,4.633975,41.9417884,10.802296,24.586506,14.907187,1.896411,20.517776,61.2714588,22.908852
8.3431456,0.819813,71.7630786,4.711705,41.8729394,11.653438,24.629057,14.199241,2.8309194,20.372897,59.9999526,23.593859
8.7420162,2.438487,70.93461,4.986514,42.5044676,10.333565,26.2034048,15.958425,3.565959,19.852789,59.342473,22.499622
8.5424198,2.426883,72.4125482,4.878369,42.1990794,9.808429,24.9664108,15.417179,3.1830458,19.613814,61.0162182,23.184005
8.2938302,1.124699,71.8350584,4.952146,43.7887226,9.850926,23.6058764,15.23548,3.1801124,19.28467,60.7229926,23.357457
9.340008,-0.666131,71.8027014,5.035051,40.9590482,10.314703,23.8867812,15.44592,2.3809456,19.115393,61.4889332,22.774515
8.2459956,0.300805,72.0210982,4.990624,42.317259,10.238939,23.6442714,16.590353,3.0429802,19.83781,61.4022918,23.23603
8.1970926,1.782268,71.118549,5.370753,42.3175612,9.972066,24.2353702,13.947386,2.8381986,19.922958,59.283997,22.802372
9.4330408,2.321001,72.4226604,5.977144,41.668363,9.216498,25.7216408,14.91775,2.7153234,20.518855,59.0238102,23.26445
9.3072134,2.068719,72.5246578,4.893944,38.6312504,8.627478,26.1573918,16.202539,3.1638038,19.919282,59.4988346,22.577308
8.9105446,0.353875,71.6490078,4.859081,42.2025704,10.639426,23.2000706,15.411851,2.5601668,19.703155,59.3965646,23.27107
7.9276494,0.578135,71.0158046,5.352911,42.4750772,8.78404,23.1347234,15.395753,3.574207,20.075078,59.9437882,22.942528
8.9000066,0.670557,71.3308002,4.892081,41.1882168,10.858856,24.5359098,13.927467,2.3470842,18.258146,60.1580296,22.022685
8.5625682,2.340472,71.4306514,4.223803,41.8938998,8.996887,24.5017204,14.638654,3.1741954,19.368959,59.8513392,23.900057
8.5215954,1.949445,71.5681332,4.98656,43.1329398,9.811312,24.6059294,15.202189,2.9880068,19.904309,61.0607712,22.893193
8.2686402,1.738162,72.7079868,5.119416,42.1061422,9.765123,24.449731,17.532092,3.4429982,19.995097,59.6006904,22.419915
9.4633594,1.994235,72.9726578,5.465023,41.7259594,10.526173,26.1675084,13.064692,2.6172492,19.964822,60.2629378,22.86377
8.6346426,1.319338,71.1111876,5.172815,43.037824,8.291467,24.2182902,14.51578,1.9678686,19.740934,59.4213076,23.789183
7.9003156,1.052353,73.634725,5.039599,39.3138706,9.750857,25.2807386,15.079826,2.7847148,19.981154,58.2643446,23.451789
8.815768,0.76579,72.204581,5.110125,42.531045,8.103971,25.3427826,14.899182,3.0025094,19.761167,59.8883846,23.170707
8.3489436,0.453993,72.0171344,4.994671,44.3006362,9.770665,23.9217954,16.765005,2.7329944,19.744978,59.6057272,22.653296
8.3924558,1.46265,71.0418054,5.180544,42.4393216,11.364774,23.8366342,13.991383,2.8820918,20.546889,59.9387072,21.834268
9.2234504,0.861286,71.0311586,5.673512,41.568119,8.999659,24.9341384,16.605124,3.0994816,20.248045,61.5906406,22.624844
8.6981654,2.124302,73.007415,4.514878,40.8665988,10.846865,24.4157954,14.741241,2.2824418,21.025128,60.799857,22.45039
9.4369586,2.459673,71.7576232,4.795012,40.6050764,8.103538,23.7196984,15.839887,3.5465766,20.121342,60.3182148,23.006868
9.7896108,2.538206,72.7761514,4.391796,40.4991056,10.195281,25.4840512,14.405344,2.5566206,21.479067,58.460987,23.252948
8.4188276,1.156492,72.3058176,4.332775,40.898084,11.256553,25.3175184,14.090951,3.2039944,20.108783,61.1252998,23.315872
9.0947474,1.729009,72.493859,5.571631,40.412711,10.356253,25.0127828,14.487639,3.1848172,20.403285,59.4803692,23.515295
7.8606216,0.757357,71.190291,4.134468,41.6585808,10.69065,24.0292824,14.143745,2.6717726,20.339997,59.7975952,22.674436
8.4597076,1.103666,72.1418128,4.169312,39.3195948,11.521385,26.3312044,15.602895,2.99578,20.236227,60.1917356,22.971827
8.8295238,1.266135,72.5314262,4.696197,42.3983802,8.922834,24.100983,12.207604,3.4347014,19.071455,62.090203,23.301852
8.2550462,1.566759,72.7076546,5.75181,43.0538054,10.870188,25.559086,14.566624,4.0011026,21.033291,60.2719306,22.632537
9.108321,2.772559,72.2168422,4.980909,43.1027744,10.207734,23.7893894,14.721408,3.0471656,20.256504,60.3557058,23.246478
8.9912074,0.944365,72.1662728,5.593278,41.3398856,10.460846,25.4298614,14.999396,2.4927692,19.945332,60.0771188,23.131306
8.4840588,2.629326,71.5627816,4.710261,40.9227342,11.45301,24.1700962,14.820219,3.0117856,19.69879,57.1356944,23.33511
8.5397028,2.290634,71.8130676,5.516499,39.9563056,11.138424,25.8423858,15.493943,3.3438744,18.97524,60.2375058,22.931017
8.9988714,1.197496,71.2006394,4.359072,41.0168602,11.58416,23.5482306,14.098411,2.230368,19.284178,61.629127,21.857803
7.975069,2.734747,71.846734,5.258391,40.719289,10.53266,24.9147448,14.224141,2.6190424,19.682666,59.6518478,23.730504
8.5788564,0.522552,72.7043702,5.722486,42.148384,10.588828,25.4225766,15.924433,2.4220744,20.01002,60.532206,22.532256
8.09934,1.342655,71.4552434,5.549895,41.925652,8.716297,23.022836,14.106215,2.741886,20.818287,59.0810944,22.800491
9.225617,-0.02974,72.2229676,4.892466,40.3708586,10.132174,25.3429658,14.775589,2.6856052,19.902163,60.6205138,23.268568
9.0928176,1.838988,72.2307044,5.195028,41.629196,9.376263,23.4520348,15.382394,3.164893,19.584363,61.0024174,23.053138
7.9951944,2.298865,71.9324018,4.711103,39.9073042,8.447334,24.2567624,14.673803,2.5592328,19.627482,61.218229,22.494364
7.7678568,2.228757,71.5253642,5.427172,44.460305,9.153831,25.7813814,13.607039,3.1656348,19.847274,58.3293888,24.078745
7.9564988,1.53322,72.2091396,4.540826,39.5435802,9.514985,24.4812458,13.582249,3.1373886,19.772462,61.1172754,23.094607
7.6168104,1.046354,72.3732578,4.58356,42.1376768,10.784143,25.6335862,16.545974,2.0523338,19.231973,58.8099164,23.034301
8.6202416,0.775803,73.2614546,5.173185,39.5830772,11.24616,25.1939306,15.289909,3.2264684,19.615718,60.2058494,24.010046
8.3700558,0.75109,71.4971798,5.063739,41.1017406,10.217879,24.8099744,15.83096,2.8890764,20.520423,60.3643002,23.176537
8.7731238,1.393899,71.5479886,4.081687,41.446521,9.411427,23.5984976,17.515694,2.7840288,19.902855,60.103632,22.902044
7.8790262,1.008915,71.384043,4.035837,44.1013276,11.348609,25.0379734,15.217536,3.0213236,20.046186,59.8131926,23.299487
9.1673842,2.979639,71.7439014,4.542605,41.2931746,10.126134,23.1897946,15.835001,3.0769176,20.219335,61.1756924,23.367206
8.369881,1.558706,72.4440858,5.014358,42.1877832,10.69094,25.0276532,15.076177,3.1733184,20.425237,58.8722686,23.272178
8.8912144,2.241773,71.0239364,4.483574,39.850351,9.521121,24.4897932,13.147422,3.1895168,20.084766,60.155066,23.520393
8.1992654,1.749489,72.1603198,4.874044,40.2731236,9.432863,24.9025338,13.338954,2.9206126,20.328526,59.7874166,24.009502
9.263546,0.870846,71.5938072,4.47752,41.3322854,9.627253,24.0984348,16.074865,3.1396262,20.602774,58.201704,23.256299
8.4152892,1.607993,72.642351,5.777902,43.1406066,9.063882,25.5252732,15.397793,2.968167,20.100304,59.374202,23.32168
8.1672118,1.507627,70.9109982,5.115768,43.3459188,8.828103,24.8397356,15.132481,3.1738332,19.429651,58.8292142,22.73687
8.7421984,1.595119,71.3312382,5.364447,41.0093632,10.425161,25.5391414,16.335526,2.5739432,20.351179,60.4282256,22.780122
8.6035216,1.822484,71.771391,4.747079,41.4916064,10.457191,24.9822952,15.342504,3.4213458,20.468619,59.452507,23.366462
8.5607536,2.270158,72.0758068,6.070985,42.7174156,8.751989,25.7569972,13.580381,3.166654,20.405584,60.087684,22.451779
8.5869214,2.069617,71.6189742,5.076906,41.2139644,8.420679,23.6981414,15.820779,3.1847178,19.643184,61.187092,22.755769
8.0158698,-0.13648,71.530213,4.721447,44.771064,9.679214,24.492968,16.319709,2.334978,19.858364,59.6097416,23.666081
8.8370704,1.832196,72.810606,4.50121,38.8409348,9.072925,25.2101316,14.696934,3.3083032,20.033263,59.1052556,24.081262
8.1080372,2.552377,71.454729,4.987307,41.8685964,9.496939,25.381991,13.624941,2.6147078,19.597512,61.0379094,23.20831
8.3048324,2.121867,70.7033388,4.490052,41.6097078,10.387177,24.2681342,15.987632,2.9352048,20.518745,61.4579442,23.286064
8.7505056,1.484542,71.96561,5.322787,41.9662144,10.385602,24.1038042,16.374936,3.521485,19.196964,62.3230706,23.167284
7.7367548,1.736224,71.5183812,5.081607,42.4946712,11.390847,26.1395722,13.972725,3.5249244,19.988319,61.5763278,22.814902
8.526969,1.130398,70.5564274,5.244208,42.56289,9.002811,23.9183402,14.051719,3.1310688,20.155129,59.8931496,22.828942
8.073837,1.911473,72.2259654,5.475511,38.5460876,9.413311,25.3377036,13.406653,3.2401738,20.384038,60.1525126,22.069989
8.9542502,1.068507,71.9872742,6.1126,40.3031026,8.151531,25.0872712,16.117151,2.7293838,19.907794,60.0924488,23.093411
7.3427108,3.010211,71.7570138,4.44612,41.2317488,10.640152,24.4835186,16.21529,2.8922966,20.460111,59.8114382,22.490301
9.1083224,0.740405,73.0651578,4.945885,41.6094294,8.57863,24.3371872,14.307706,2.6036582,19.985879,60.362903,24.045338
9.294264,1.825294,72.4491726,5.343466,41.8257302,8.77223,26.3086932,17.049999,2.796634,19.717396,59.3836408,22.550495
8.9969182,1.09856,72.6222766,4.599161,40.6004948,10.447696,23.3209922,16.213273,3.40318,20.301694,61.0143518,23.470223
8.5669604,1.392301,72.014071,4.933458,42.3031796,11.649844,26.3918478,13.305338,2.8650916,19.506805,60.441805,23.381574
7.6173828,3.209064,72.6922392,4.792926,40.1979376,8.881016,24.6988258,13.862851,3.529034,19.899,59.106908,22.928634
8.5308214,1.19531,71.344205,5.015265,43.469144,10.497073,23.526502,16.547222,2.7648116,20.446529,61.3001118,22.95037
7.8499348,1.553672,71.6777754,5.308513,41.8937794,8.467403,24.2655462,15.321086,2.6751194,20.051391,61.5190432,23.319843
8.4931208,0.389944,72.9722944,4.250368,39.4965768,11.766436,25.3035118,15.564676,3.13188,20.209715,60.9023382,23.291297
7.1309732,0.760949,71.9208072,4.80678,40.3955478,7.178825,25.738821,14.932086,3.079828,19.961111,61.128045,22.583425
8.3404736,1.044236,72.237145,4.683489,42.774745,10.253426,24.2520424,14.598877,2.618757,19.409254,61.3768238,22.715864
8.74574,1.925303,71.222262,5.417476,42.4704654,8.259002,25.6412908,14.472117,2.9922228,20.460728,59.2292822,23.063014
8.8608938,2.033302,71.1709618,4.650477,43.2538364,10.126948,24.4012818,13.886165,2.9486994,20.279812,59.5160908,22.666221
8.9451078,2.223479,71.8405794,5.887829,40.0491862,9.540141,23.7749798,16.179702,2.620011,20.152348,60.067122,23.225124
8.5416996,1.75608,70.7109906,4.746773,42.1366728,10.460044,25.0115194,16.545035,3.0693426,19.923384,60.785121,23.059956
8.9060922,2.094321,71.9245958,4.947995,39.7451168,10.663594,26.2918526,15.739761,2.7421736,20.528899,60.5697896,22.878527
9.1404268,0.933868,70.8910892,5.174962,40.7592722,9.992162,22.9938042,13.83738,3.0084734,20.363941,60.3056142,23.090149
8.5676924,2.055112,73.0361224,4.690604,43.1139586,10.829595,22.9355694,14.175195,2.80689,18.973454,60.3736656,22.223094
9.4150654,2.254954,70.6319122,5.598124,42.9535602,11.329092,25.1046418,15.446643,3.357585,19.112084,58.5345588,23.644045
7.975872,1.814898,71.2377752,3.910565,40.6180696,9.677076,23.7381762,17.32954,2.9094024,20.142219,60.3169142,22.912331
8.2608382,1.866909,71.7857008,5.342494,44.546437,8.908,24.1673304,16.824569,3.2042526,19.306432,57.8884962,23.041678
7.3319266,2.273487,72.266951,5.293441,40.443034,11.710803,25.1291742,14.500535,3.1493768,19.696989,61.2090768,22.064643
8.4768948,0.151825,72.8178872,4.618834,43.9238314,11.15887,24.348496,14.623225,2.185554,20.328313,59.8071794,23.019522
8.9249018,0.517167,71.2719532,5.197493,42.5925212,9.087067,24.3983374,15.655539,2.7601,19.927564,59.9708038,22.888021
9.1589638,0.741641,73.1798582,4.59422,42.926314,10.958849,24.3330202,14.341506,3.4381292,19.24169,61.2080832,22.621951
9.336026,0.401413,71.159062,4.73583,39.3954814,10.930408,24.382385,14.758474,2.604939,20.094141,58.4906096,22.92488
7.5911298,2.156157,71.7525602,4.60375,40.8017806,10.087679,24.7872328,15.565488,2.7575784,19.435909,60.1202032,22.764952
9.295661,1.257048,72.3899958,5.675021,40.9120794,12.291759,22.9356286,14.401472,3.0801344,19.761304,60.4881654,22.756758
9.4950884,1.778233,73.2181124,5.307974,39.9314088,9.808376,25.072301,14.758614,2.682017,20.124475,60.5927614,22.95653
7.6147892,3.649946,71.8010224,5.235882,38.7588048,9.694765,24.7726184,14.853009,2.7038878,19.312294,59.6463416,22.474365
8.3765922,0.021478,73.0411568,5.39449,42.1127096,10.609331,25.0728782,14.612457,2.8242992,20.228131,61.4343926,22.550909
9.6390004,1.078807,71.9826404,5.435754,44.6248976,8.600891,24.6500416,13.506186,2.8260416,20.095931,59.1585906,23.552624
8.6997344,1.180011,71.8187672,5.367355,44.2707468,8.517098,24.6107514,16.533099,2.4186842,20.617102,58.0909862,23.133383
8.1434206,0.739888,71.80143,4.131202,42.6075178,12.191014,24.499889,13.756978,2.62683,19.657107,59.9035322,23.034462
9.040783,1.62755,72.2680442,5.004276,41.5919374,8.92701,24.429665,14.403831,3.2787798,20.520118,60.6990538,22.882564
8.7612388,1.304511,70.9237864,4.839959,40.9490074,11.773528,25.1746188,15.031866,3.0110948,20.354304,60.2133028,22.345858
9.3358108,1.567935,71.9952326,4.529416,42.004268,10.52593,26.2218176,14.982666,2.5483598,20.453169,60.0576584,22.981057
9.2829954,1.038244,71.7768098,5.336077,40.2807438,9.740221,23.785948,13.763079,3.140045,19.511826,59.402616,23.747059
8.0695698,1.136253,72.2190266,5.01392,42.2379126,10.339839,25.362286,14.677604,3.281368,20.113696,60.2198062,23.606714
8.557486,1.440891,71.8297318,3.970153,41.0946868,9.271984,24.613352,14.873628,2.6899452,19.319321,59.2353392,22.804354
8.832782,0.421732,71.13289,5.612189,40.206439,10.640258,22.8266958,13.741466,2.6542876,19.239758,60.5614526,23.797847
8.1383986,1.883461,71.613209,5.485374,43.9062028,9.727473,24.4038704,14.632265,2.1778246,20.048317,59.2090268,23.198097
9.4485866,0.614218,71.3644292,5.319152,41.6743796,9.337801,24.2656778,15.036817,3.061626,19.794104,59.4140114,22.330877
7.582659,2.5296,72.1724644,4.082306,40.3337386,8.370812,24.2378874,17.336823,2.8938432,20.325499,60.2976328,23.641663
7.3302108,2.714214,72.6011062,4.770843,41.9133014,9.092877,25.506587,15.775125,3.040114,19.613513,59.7598342,22.852379
8.883166,2.626527,71.4210784,4.894095,41.9411596,8.945017,25.2837016,14.473187,2.7693092,20.764813,60.934583,22.567394
8.3116824,2.231925,71.5747558,4.60646,42.422989,9.838386,25.0290142,13.056083,2.9570384,20.446948,59.7256088,23.633169
8.6874688,2.898848,72.2729428,5.535349,42.0021934,10.731203,24.038064,15.215196,3.0232972,20.191381,59.5017062,23.316875
7.4663924,2.363668,72.1277462,5.856559,44.0260718,9.887116,24.7989662,16.458834,2.9962088,19.771956,59.798743,22.098775
8.2264694,0.067692,71.3865138,4.660495,41.8022534,9.547196,25.154866,14.707486,3.2065558,20.750454,60.7027732,23.355647
7.83274,1.007459,71.7296412,4.883249,39.4544262,10.589006,24.9107824,14.397737,3.3208602,21.445747,59.843753,23.284318
8.7767656,0.475859,73.549551,5.380542,42.9580092,8.21647,24.52434,15.107751,2.4881884,20.231007,61.2393986,23.006649
8.600193,2.283508,70.9986564,5.020742,40.9678908,10.459235,24.6892284,16.039549,3.4677352,19.060228,59.441117,22.874493
8.415991,1.984496,72.3648974,5.055213,41.5455156,10.137652,25.2698886,13.392024,2.7849616,20.18661,60.1457746,22.8485
8.6657196,3.233491,72.2121924,5.25831,41.4091716,8.876367,24.3418816,14.88861,2.6892542,19.885239,60.2845822,23.602151
7.872874,2.240389,72.5355526,4.215804,40.9243172,9.868236,25.4566578,14.331859,2.900724,19.961795,61.6501156,22.474866
8.6269106,1.400612,72.6651896,4.252839,40.6936582,11.392767,23.653316,16.122806,2.273686,20.039387,59.8585016,23.244448
9.2807536,1.296173,72.1308632,4.77371,43.0888968,11.558334,24.4596294,14.776819,2.733798,19.64081,60.16608,23.197339
8.7195564,1.239253,72.27058,5.206831,41.2597756,12.004488,23.906224,15.389936,2.6029824,20.248877,59.2175892,23.346612
7.9751454,1.762138,71.3984882,5.255535,42.143687,10.185065,25.1022256,16.718474,3.3073148,18.894294,60.4786096,23.237258
8.7260844,2.596982,71.9461916,4.784296,43.0023724,10.244751,25.3957414,15.422759,2.688862,19.671299,59.4149866,22.505245
8.9943922,1.021645,72.3579534,5.770395,41.5470846,10.790648,25.1356662,14.239044,2.8336722,19.766179,59.5159708,23.045568
7.7359466,1.468144,72.336777,6.221899,42.6363304,10.409481,24.5116448,15.106203,2.8881044,20.39529,58.865635,23.022002
8.2279616,0.956472,72.0087262,4.388886,41.0564928,10.612585,24.0964356,15.042312,2.6820644,20.645713,61.5255986,22.634086
8.694287,2.935742,72.1686354,5.224398,41.7159186,10.648865,25.0813376,15.433206,3.2477082,19.654487,59.7741898,23.114066
8.6715322,1.819325,71.2849206,5.0721,41.6740782,10.60562,24.681438,15.514596,3.076184,20.093829,61.2916456,21.63891
8.3236088,1.333104,71.782261,5.763885,40.2346504,9.711656,23.9048644,15.022513,3.0759568,20.479346,60.750451,21.936586
9.1890838,2.107121,71.6110962,4.760217,42.024687,9.568204,23.9840878,13.691857,2.9915436,18.826193,61.2872964,22.71186
9.0042972,1.846307,71.8526776,5.189912,41.8519728,8.992269,25.397267,15.795135,2.506925,19.7464,57.2116084,23.167092
7.8866462,2.308298,71.5391738,4.522288,40.3764646,11.682203,25.1699006,15.815306,3.4397514,19.900311,59.8572652,23.19379
8.6156436,2.051335,71.2571432,4.369365,40.7527892,9.600009,24.7334548,13.734687,3.3088806,20.03998,61.2193066,22.958968
8.5524356,1.53729,72.298721,5.307632,41.4572246,10.604499,23.0085392,15.124755,2.5794992,19.676556,59.7816022,22.410258
8.9028336,2.069538,73.026545,5.676614,41.4470896,9.161408,24.0759702,13.148271,3.2140984,20.003105,60.3287512,23.127145
9.0067678,1.115652,72.1591858,5.425705,40.6055652,8.81422,25.4039222,14.757408,3.1498164,19.860836,59.2552158,23.055625
8.7899106,0.926891,72.9410822,5.228688,42.033963,10.851736,25.2056086,14.261436,2.9037494,19.15741,61.5670138,23.715363
9.0670896,0.761778,72.5746906,5.457128,42.1810814,10.081169,23.5639108,15.541165,3.546494,20.051626,58.8936452,23.21711
9.5449944,3.411756,72.9423042,4.143847,42.6372224,11.663724,23.8046968,16.588367,2.4325368,19.395119,59.8568002,23.233952
8.6289246,1.86586,72.4048324,4.608443,39.653762,9.247263,23.6753994,15.797119,3.577906,19.742033,61.3963548,23.24297
8.5316238,1.499607,71.6243038,5.745613,41.9210068,9.025977,24.201943,16.249439,3.0684442,20.536435,60.7518752,22.512917
8.4987234,2.978582,72.2341942,4.769071,43.0441944,8.972714,23.431554,14.113553,3.1096016,20.210621,58.3584354,23.843313
8.7405656,1.506383,70.993454,4.997672,42.9560798,9.033585,25.510823,14.236112,2.9086208,20.455373,60.9511636,22.536012
8.603743,2.010981,73.5423978,4.771465,43.0555708,8.350053,24.990846,12.854684,2.7696118,20.048622,60.2837486,22.589317
8.7950812,2.395626,72.0097854,4.673277,40.8771896,8.827938,24.9658504,15.343043,2.362572,19.742455,59.2214056,23.923374
8.8279698,1.081796,71.9938634,4.512084,38.8694896,8.68842,24.5479822,12.864124,2.4718054,20.355689,61.2574256,22.710021
8.2742538,2.724267,72.7145796,4.134937,41.6436182,11.219486,23.947459,14.90799,3.125275,20.034784,61.069107,23.404763
8.2341478,0.720888,73.4979348,4.78055,42.1272348,9.828231,24.3953254,15.855539,3.1545588,19.572899,60.7228254,23.251942
9.837819,1.158436,72.6554246,5.127845,40.793793,9.818713,24.6624414,14.916198,2.2897466,19.535102,60.8387548,23.388776
8.5503588,-0.886039,71.142495,5.523876,44.6592982,9.584073,25.8174766,15.22176,2.9676356,20.051607,58.903704,22.961312
8.333471,1.67286,71.998059,4.770267,39.1204096,11.810439,25.1853674,14.784655,2.919763,20.614011,59.7177536,22.221169
8.15815,0.58814,71.8753942,4.5028,43.119746,9.90222,24.6741104,14.030658,3.4588466,19.690262,59.8040562,23.910619
8.6730102,2.030021,71.161238,5.492046,40.5464108,9.775877,24.5068196,14.584628,2.5946062,21.367244,59.0112814,21.991429
8.5414464,1.639068,71.850786,5.209753,41.7892754,10.951922,24.1081024,14.011133,2.5071962,19.758553,60.0193284,24.269722
8.603407,1.725812,71.6335728,4.953421,42.006449,9.866875,25.1574394,15.411587,3.2926098,18.931506,61.0339242,23.293359
7.3648886,1.303942,72.3892038,4.511761,40.643017,9.067732,24.5833626,16.293299,2.8126184,20.283085,60.1629922,23.249756
8.7555406,1.110414,71.754132,4.216712,42.577318,9.848526,25.1190328,15.080884,3.1099602,20.140438,60.1135852,23.832413
8.2768552,1.721855,72.216996,4.66385,41.8918098,9.576717,25.9579082,15.394915,2.7464058,20.141149,59.6078922,23.197611
8.6737672,1.426282,72.1888816,5.180577,43.9789638,11.479127,25.0300022,15.499204,2.8094394,20.415709,61.5365568,22.680919
8.5755482,0.878081,71.5086466,5.5978,38.1635468,10.099449,24.0979362,14.881455,2.9765266,19.979564,57.4062332,23.688397
8.076565,1.977229,72.2963602,4.434004,38.7299928,8.399392,24.6526214,14.259051,2.990059,20.151133,58.1085492,22.763139
8.7147904,2.733758,72.116576,4.058029,39.9182716,9.813004,24.4053852,16.574735,3.051038,19.090488,60.2803266,23.022487
7.9720574,1.38712,71.1927594,5.188323,42.1386956,10.334865,24.1916654,14.843061,2.803745,20.42005,60.7126372,22.840296
9.547704,0.251532,72.3640606,4.579564,39.156791,10.574309,24.3137746,15.438249,3.2667098,20.127164,60.4604458,23.939405
9.0099572,1.58714,72.4497584,4.475953,39.6005624,11.213551,24.2181488,14.611949,2.3057432,20.59386,57.6364094,23.038415
8.6150014,2.402011,72.0110632,4.944687,42.8500744,10.680482,24.5350236,14.735806,2.5843622,19.732408,59.1294684,22.920407
8.4384796,2.055781,72.5259038,5.000941,39.6437066,9.664694,24.8721992,14.859167,2.9434672,19.373429,60.0660728,23.734183
8.4188376,1.021616,71.3622646,5.107155,42.2254146,8.181211,24.9087184,12.616155,3.1663356,19.830375,59.9079748,23.142068
8.0509034,0.482043,71.3817878,5.155222,41.9716242,9.50493,25.2418732,13.542082,2.9814846,20.619201,61.118135,24.018205
8.192439,1.549597,72.4747772,3.701356,40.7990604,11.63772,25.0246714,14.889593,2.6987028,20.928622,59.8291238,23.204544
8.4715252,0.759045,72.4493984,5.258587,40.1558438,12.111311,24.0609972,16.851131,2.6169966,20.372539,60.7657282,22.713091
9.2589654,2.234074,72.3223384,4.345268,40.3937306,10.608742,25.6405964,13.209946,3.1824144,20.512514,61.3770594,23.724924
9.162412,1.288498,72.3730916,4.249216,42.3735262,11.146688,25.645594,14.688742,2.9760072,20.745583,58.7914138,23.490746
10.2105918,3.763974,72.2592968,5.357889,42.5498016,10.342722,24.6541852,14.123811,3.1914042,19.879533,61.1344482,23.265487
8.5222468,1.969883,73.058073,4.747331,42.0387838,10.037725,24.4679166,16.179774,2.605097,19.663879,60.642381,23.167807
8.9103154,1.141692,71.7350036,5.333414,42.4181186,10.829094,24.8429628,13.89651,2.5099324,20.546246,61.3254284,23.442401
9.227036,0.744227,71.8092736,5.044669,42.0487092,10.292418,24.8333804,15.133558,3.174248,19.358664,59.9065918,22.76729
8.335991,0.640738,72.5612108,4.963786,40.3141134,10.87638,24.5470668,13.748868,2.7770654,19.488141,59.838978,22.205083
8.4040928,0.270531,72.4260442,4.983923,41.1625312,8.368956,24.2204692,15.20322,3.3451732,20.350074,58.8904432,22.777588
8.1732764,0.777747,72.1897156,5.284402,39.8405522,11.774458,23.4997278,15.04197,3.348905,20.901594,59.9551866,22.556296
8.6765712,1.861934,71.8503954,4.543609,40.3372634,10.374372,25.3449548,15.4601,3.217419,19.701415,59.9505608,22.372486
8.0003274,1.877395,71.4809012,5.136902,40.6332764,11.616868,24.6322576,16.436398,3.245646,19.922359,62.3503192,22.869247
8.7661488,0.767334,71.3473178,4.805699,39.983674,11.088845,24.305303,14.160133,3.0681924,19.495852,59.1999354,23.232869
9.0218806,0.520926,71.9068848,4.894751,41.8094726,10.096533,23.6501436,15.219243,2.7541982,20.156508,59.593564,21.830814
8.0310126,0.059721,72.361674,5.582724,41.163817,8.191635,24.3281786,15.652663,2.8156592,19.12943,59.9000936,22.635693
8.7023416,1.961949,72.7392656,5.076076,38.9745634,9.509634,24.247562,16.610631,2.630479,19.591078,61.9271946,22.678245
8.1331108,0.819707,72.2450512,5.127786,42.3345146,9.217664,25.1489186,13.035385,2.687333,19.65187,60.0060224,23.612407
8.0939426,1.096933,72.1536088,5.409511,44.3296466,10.721703,24.4654576,14.579437,3.1697554,20.891128,58.2297826,23.259498
8.111318,1.859426,72.4051774,6.097405,41.3001748,11.071545,25.2359502,13.111059,2.8933772,19.734009,60.6612468,23.215047
8.3307418,1.226634,72.0415542,4.910223,41.923641,9.62272,25.1869582,14.615428,3.783843,20.667085,60.1357144,22.74511
9.8126652,1.888617,71.5184564,5.530009,38.0505186,7.914911,24.8343762,14.912149,2.3163566,20.580783,59.6770032,22.504248
8.5739992,2.401244,71.670246,5.089688,42.47425,10.311175,25.5490776,14.474949,3.405817,20.001007,59.5876512,22.059688
8.6303796,1.033351,72.0564744,4.609572,43.0529044,11.028092,25.2712372,16.127833,2.9981514,20.177848,60.0076502,22.529824
8.094813,1.657212,72.1763006,4.414935,41.2457868,7.601721,24.9403566,16.277088,3.1522326,20.921433,58.7960902,24.009756
8.6968172,1.71371,72.890031,5.106445,42.1505264,8.748046,24.6758816,13.792119,2.7155896,19.227446,58.7114246,23.119858
8.3328848,1.179804,71.3302872,4.104224,37.942876,11.376937,25.0947242,12.980557,2.8471152,19.974936,60.7230212,23.331864
8.2552506,2.139315,72.1724598,5.665312,40.1309544,10.156508,25.2772528,15.371558,2.6469962,20.814999,59.293283,23.146193
8.1621658,0.734454,71.4763358,5.175637,40.7863514,9.747541,23.6559654,13.394064,2.9500948,20.478108,60.5554324,24.175131
